{
  "mse": 20389.84593,
  "psnr": 5.0367,
  "ssim": -0.008355,
  "ncc": 0.02757,
  "bpp": 0.5215,
  "compression_ratio": 3.8352,
  "time_ms": 818.0
}