{
  "train_loss": [
    0.025350921795701076,
    0.016570816224124905,
    0.014328259722734287,
    0.012786416399141817,
    0.011776065265348032,
    0.01110682259541206,
    0.010609692756258966,
    0.010252463391917377,
    0.0099611926619155,
    0.009703899359038448,
    0.009473715592498932,
    0.0093001725384367,
    0.009126495026473367,
    0.008985903563581235,
    0.008853079972293103
  ],
  "val_loss": [
    0.01775471872822967,
    0.014640140096227565,
    0.013063723901788631,
    0.011580319902274067,
    0.01069224720352335,
    0.010204806915501099,
    0.009781308617152854,
    0.009674944036534268,
    0.009257373943768753,
    0.009232770807728797,
    0.008922728216331341,
    0.008837692774163035,
    0.008583516929532865,
    0.008454193179858124,
    0.008307971330749953
  ],
  "val_psnr": [
    18.079547005988022,
    18.990819161676647,
    19.60118982035928,
    20.27280598802395,
    20.662561976047908,
    20.919650598802395,
    21.145575149700598,
    21.217717065868264,
    21.442541616766466,
    21.459494610778442,
    21.641650000000002,
    21.69589580838323,
    21.848135628742515,
    21.944072754491017,
    22.063967065868265
  ],
  "val_ssim": [
    0.45161468862275456,
    0.4843936107784431,
    0.5030632305389222,
    0.5180460538922156,
    0.5280414431137724,
    0.5343950868263473,
    0.5401206766467066,
    0.5423616047904192,
    0.5474501287425149,
    0.549951880239521,
    0.5539354311377246,
    0.5546810179640719,
    0.5590551437125748,
    0.5609314820359281,
    0.5641455389221556
  ]
}