{
  "train_loss": [
    0.36170482635498047,
    0.25998200178146363,
    0.21548353731632233,
    0.1905561625957489,
    0.17292206287384032,
    0.14303389489650725,
    0.13059773445129394,
    0.1166435107588768,
    0.10253840088844299,
    0.0868547260761261,
    0.07315534353256226,
    0.08554314374923706,
    0.06072220355272293,
    0.061089403182268145,
    0.05423072725534439,
    0.04758028015494346,
    0.041790058463811876,
    0.040918676555156706,
    0.04233711138367653,
    0.036976183950901034,
    0.03357819654047489,
    0.02961090803146362,
    0.02649124525487423,
    0.02803010493516922,
    0.027235499024391173,
    0.023692958801984788,
    0.023126886785030366,
    0.02238876298069954,
    0.021602353453636168,
    0.021384522318840027,
    0.023666977137327194,
    0.02332658115774393,
    0.02134498730301857,
    0.019238758087158202,
    0.01763876024633646,
    0.01923237890005112
  ],
  "val_loss": [
    0.20775331556797028,
    0.2050737887620926,
    0.19131486117839813,
    0.17623713612556458,
    0.1627887487411499,
    0.15139319002628326,
    0.13815030455589294,
    0.1156182661652565,
    0.09516744315624237,
    0.07480799406766891,
    0.05319953337311745,
    0.03922457993030548,
    0.03382646292448044,
    0.045025065541267395,
    0.054043155163526535,
    0.03414475917816162,
    0.030020201578736305,
    0.03536254167556763,
    0.03128407150506973,
    0.03464232757687569,
    0.025282565504312515,
    0.025728704407811165,
    0.03228943422436714,
    0.028192898258566856,
    0.025446824729442596,
    0.019558759406208992,
    0.02407730184495449,
    0.02448064088821411,
    0.02089548669755459,
    0.023689547553658485,
    0.02866128832101822,
    0.03034312091767788,
    0.02594546601176262,
    0.021657712757587433,
    0.02251126803457737,
    0.024171078577637672
  ],
  "val_psnr": [
    5.0097,
    5.0575,
    5.3022,
    5.5908,
    5.9227,
    6.3216,
    6.86,
    7.8977,
    9.7483,
    10.9243,
    12.1684,
    13.5188,
    14.6353,
    14.4346,
    13.7404,
    14.8676,
    15.9888,
    15.2658,
    14.7076,
    14.6678,
    16.8784,
    17.3869,
    16.0614,
    15.7773,
    17.7292,
    18.7742,
    18.1351,
    18.0313,
    18.3243,
    18.0211,
    17.2562,
    16.6297,
    17.6284,
    18.0988,
    18.3024,
    17.8337
  ],
  "val_ssim": [
    0.075592,
    0.077272,
    0.084935,
    0.093528,
    0.103385,
    0.119024,
    0.14349,
    0.196869,
    0.318422,
    0.408911,
    0.493054,
    0.535428,
    0.574942,
    0.576825,
    0.547657,
    0.589373,
    0.619008,
    0.614246,
    0.60233,
    0.606689,
    0.618055,
    0.631848,
    0.621461,
    0.60786,
    0.642811,
    0.65339,
    0.636008,
    0.662516,
    0.656168,
    0.653667,
    0.624897,
    0.61987,
    0.642654,
    0.634976,
    0.63889,
    0.641402
  ]
}