{
  "train_loss": [
    0.36170029640197754,
    0.2600227117538452,
    0.21541144847869872,
    0.1905830442905426,
    0.17302559912204743,
    0.14310893267393113,
    0.13050244152545928,
    0.11651347875595093,
    0.10239201188087463,
    0.08688551932573318,
    0.07331130057573318,
    0.08483392223715783,
    0.06146747246384621,
    0.06140227168798447,
    0.054885035008192064,
    0.04689933359622955,
    0.04160616174340248,
    0.04097689129412174,
    0.041337255388498306,
    0.03792941831052303,
    0.03405601419508457,
    0.0302937276661396,
    0.02702297531068325,
    0.02908695228397846,
    0.02899295799434185,
    0.024191460385918618,
    0.023392371460795404,
    0.022269347310066225,
    0.021303703263401984,
    0.020980851724743843,
    0.023552076518535615,
    0.02601168230175972,
    0.022961093857884408,
    0.019612373411655427,
    0.018828948587179185,
    0.02019372768700123,
    0.0174349308013916,
    0.019108981266617774,
    0.016771750897169112,
    0.01599455941468477,
    0.019767358526587488,
    0.016295234113931654,
    0.01704569086432457,
    0.017179289646446706,
    0.015530474297702313,
    0.014559638313949108,
    0.014353673905134201,
    0.017067630589008332,
    0.01455701868981123,
    0.014200526662170887,
    0.015978979505598546,
    0.015931889414787292,
    0.01727829799056053,
    0.013434801623225212,
    0.01563582047820091,
    0.01429529655724764,
    0.013605618104338645,
    0.014620271138846874,
    0.013594147004187106,
    0.013865683414041995,
    0.013558150455355644,
    0.01438324898481369
  ],
  "val_loss": [
    0.20775331556797028,
    0.20507921278476715,
    0.19125911593437195,
    0.17618274688720703,
    0.1626773476600647,
    0.15109482407569885,
    0.13831564784049988,
    0.11585500836372375,
    0.09552796185016632,
    0.07206045836210251,
    0.051987871527671814,
    0.03907247260212898,
    0.034526433795690536,
    0.04806442931294441,
    0.052571073174476624,
    0.03314412012696266,
    0.030862098559737206,
    0.034151364117860794,
    0.029478056356310844,
    0.03106306493282318,
    0.02190793678164482,
    0.023601572960615158,
    0.02807498350739479,
    0.02474486641585827,
    0.025533484295010567,
    0.020598923787474632,
    0.023253576830029488,
    0.022346876561641693,
    0.02166297659277916,
    0.024953830987215042,
    0.025945493951439857,
    0.03180402144789696,
    0.02497805282473564,
    0.021629277616739273,
    0.020409367978572845,
    0.020724397152662277,
    0.02436290681362152,
    0.02629753388464451,
    0.022370576858520508,
    0.017263200134038925,
    0.02232762984931469,
    0.021074138581752777,
    0.017285089939832687,
    0.020885735750198364,
    0.022060617804527283,
    0.019844138994812965,
    0.01718214713037014,
    0.01604657992720604,
    0.016282912343740463,
    0.017270002514123917,
    0.01562518998980522,
    0.01512529794126749,
    0.015950249508023262,
    0.017665039747953415,
    0.0169314406812191,
    0.015837667509913445,
    0.016757339239120483,
    0.018500620499253273,
    0.018391327932476997,
    0.018217502161860466,
    0.017267201095819473,
    0.01686321198940277
  ],
  "val_psnr": [
    5.0097,
    5.0574,
    5.3032,
    5.591,
    5.9234,
    6.3322,
    6.8462,
    7.8695,
    9.7005,
    11.0629,
    12.2806,
    13.7983,
    14.6668,
    14.1947,
    14.1117,
    15.3868,
    16.423,
    15.8441,
    14.974,
    15.0001,
    17.9288,
    18.4797,
    16.9004,
    16.2958,
    17.7484,
    18.8456,
    18.0912,
    17.5712,
    18.2053,
    18.2159,
    18.8509,
    16.7506,
    17.4009,
    17.4506,
    18.4272,
    18.7171,
    18.4815,
    18.5972,
    18.877,
    19.0529,
    18.1187,
    19.2764,
    19.6487,
    19.025,
    18.6805,
    18.8379,
    19.2228,
    19.2393,
    19.0707,
    18.983,
    19.3861,
    19.2613,
    19.2969,
    19.3016,
    19.5904,
    19.7076,
    19.6572,
    19.6035,
    19.6337,
    19.7228,
    19.6627,
    19.5981
  ],
  "val_ssim": [
    0.075592,
    0.077269,
    0.084992,
    0.093492,
    0.103334,
    0.11879,
    0.142186,
    0.195413,
    0.31708,
    0.420345,
    0.496807,
    0.541918,
    0.576454,
    0.57136,
    0.559476,
    0.598554,
    0.626058,
    0.622554,
    0.602323,
    0.600287,
    0.621991,
    0.631113,
    0.628553,
    0.622513,
    0.648821,
    0.653933,
    0.643248,
    0.659824,
    0.657326,
    0.642597,
    0.658745,
    0.632195,
    0.632606,
    0.613117,
    0.645152,
    0.658763,
    0.654861,
    0.661023,
    0.665353,
    0.681944,
    0.65434,
    0.683138,
    0.690959,
    0.690346,
    0.686119,
    0.670073,
    0.675597,
    0.680351,
    0.672297,
    0.691014,
    0.693787,
    0.675291,
    0.676718,
    0.688849,
    0.691963,
    0.693004,
    0.695408,
    0.701114,
    0.700272,
    0.69803,
    0.694838,
    0.692862
  ]
}